userName,content,reviewCreatedVersion
DAMAS ANDREAN,"['', 'baik', 'mamang', 'akun', 'akses', 'kendara', 'data', 'diinputkan', '', 'ubah', 'barcode', 'gara', 'gara', 'kendara', 'akun', 'akses', 'kendaraa', 'inputkan', 'tolak', '', 'fitur', 'tambah', 'data', 'kendara', 'memberikansolusidenganmenambahmasalah']",3.7.3
Easy Live,"['point', 'baik', 'aplikasi', 'pop', 'up', 'iklan', 'info', 'buka', 'notifikasi', 'mending', 'hilang', 'ga', 'pantes', 'banget', 'fungsi', 'aplikasi', 'tab', 'event', 'promo', 'auto', 'log', 'out', 'kyknya', 'segi', 'secure', 'oke', 'jarak', 'mending', 'bikin', 'point', 'baik', 'spbu', 'layar', 'unit', 'mesin', 'diredupin', 'banget', 'sampe', 'kadang', 'susah', 'scan', 'qr', 'code', 'spbu', 'pake', 'aplikasi', 'pas', 'kesana', 'ga', 'operasi', 'ga', 'alas']",3.7.3
432372as,"['lambat', 'login', 'ulang', 'tata', 'letak', 'tombol', 'kolom', 'bagan', 'isi', 'interface', 'beranta', 'kurang', 'atur', 'struktur', '', 'fokus', '', 'user', 'friendly', 'klaim', '', 'tutorial', 'klaim', '', 'guna', '', 'baca', '', 'fungsional', 'estetika', '', 'tempat', 'popup', '', 'fokus', 'fungsi', 'aplikasi', 'lambat', 'alur', 'isi', 'bbm', 'minimal', 'fungsi', 'aplikasi', 'sesuai', 'tuju', 'utama']",3.7.3
ani arifah,"['aju', 'subsidi', 'data', 'input', '', 'kosong', 'klik', 'data', 'warning', 'nomor', 'rangka', 'kendara', 'diinput', 'aplikasi', 'download', 'mypertamina', 'klik', 'subsidi', 'muncul', 'layar', 'putih']",3.7.1
Achmad Lutvi,"['aplikasi', '', 'daftar', 'chrome', 'kerj', 'supir', 'aplikasi', 'mudah', 'maklum', 'tua', 'gaptek', 'susah', 'guna', '', 'efisien', 'buruk', 'parah', 'susah', 'tua', 'baik']",3.7.3
Yudi Novianto,"['aplikasi', '', 'trlalu', 'masalah', 'isi', 'bahan', 'bakar', 'isi', 'pom', 'bensin', '', 'sedia', 'isi', 'non', 'tunai', 'layan', 'non', 'tunai', 'itu', 'sering', 'alami', 'ganggu', 'jaring', 'versi', 'karyawannya', 'aplikasi', '', 'pakai', 'tunai']",3.7.3
haikal al hafizd,"['baik', 'kadang', 'muncul', 'error', 'restart', 'hp', 'koneksi', 'lepas', 'login', 'ulang', 'centang', 'opsi', 'password', 'proses', 'alih', 'halaman', 'link', 'isi', 'sekitar', 'jam', 'pagi', 'malam', 'gambar', 'durasi', 'isi', 'motor', 'pakai', 'mypertamina', 'durasi', 'isi', 'motor', 'cash', 'pagi', 'sore', 'motor', 'cash', 'malam', 'jam']",3.7.3
MAHANGGA CELL,"['terap', 'app', 'pertamina', 'paksa', 'tambah', 'ribet', 'isi', 'bbm', 'aplikasi', 'bug', 'contoh', 'data', 'aprove', 'bbm', 'subsidi', 'login', 'password', 'claim', 'email', 'data', 'aprove', 'password', 'tahu', 'sistem', 'cocok', 'untk', 'indonesia']",3.7.3
Raka M.R.,"['ui', 'ux', 'kurang', 'user', 'friendly', 'awam', 'rumit', 'registrasi', 'pas', 'daftar', 'aplikasi', 'akun', 'data', 'subsidi', 'password', 'pass', 'gak', 'passwordnya', 'tua', 'awam', 'bingung', 'ngisinya', 'rumit', 'anak', 'muda', 'fine', 'kesel', 'trs', 'suka', 'logout', 'biar', 'aman', 'ribet', 'gin', '', 'timbang', 'masuk']",3.7.3
Euneke YW,"['isi', 'data', 'kendara', '', 'merek', 'kendara', 'batas', 'opsi', 'kendara', 'merek', '', 'opsi', 'merek', 'serta', 'kolom', 'kosong', 'user', 'isi', 'merek', 'kendara', '', 'pilih', 'merek', 'muncul']",3.7.3
SGRYD Family,"['verifikasi', 'pas', 'ganti', 'password', 'data', 'verifikasi', 'hilang', 'foto', 'sntk', 'foto', 'kendara', 'gak', 'sesuai', '', 'rubah', 'foto', 'harus', 'verifikasi', 'harap', 'baik', 'biar', 'konsumen', 'puas']",3.7.3
yusuf najmuddin,"['', 'hubung', 'link', 'coba', 'kali', 'coba', 'tulis', 'koneksi', 'gagal', 'coba', 'aplikasi', 'link', 'akun', 'aktif', 'saldo', '', 'hubung']",3.7.3
laily romi furqon,"['daftar', 'hp', 'daftar', 'daftar', 'gilir', 'coba', 'gagal', 'coba', 'ganti', 'laha', 'muncul', 'daftar', 'solusi', 'inti', 'lambat', 'cepat', 'tetep', 'lambat', 'pake', 'aplikasi', 'error', 'error']",3.7.3
aBox Vengeance,"['point', 'baik', 'aplikasi', 'inovasi', 'efektivitas', 'pertamina', 'login', 'lambat', 'tolerir', 'karna', 'jaring', 'kuat', 'pake', 'aplikasi', 'mutakhir', 'aktivasi', 'all', 'wallet', 'link', 'ga', 'daftar', 'ribet', 'nilai', 'pertamakali', 'donload', 'thnx']",3.7.3
Faruq M M,"['cek', 'app', 'adasihh', 'spbu', 'support', 'kadang', '', 'pegawai', 'kadang', 'mobil', 'doang', 'kadang', 'rusak', 'layan', 'pakai', 'pake', 'sempurna', 'makassar', 'tambahin', 'bintang']",3.7.0
Lis Handoyo S,"['usul', 'aplikasi', 'sperti', 'shopie', 'gujek', 'mudah', 'familiar', 'mypertamina', 'tiga', 'jembatan', 'beli', 'spbu', 'beli', '', 'tentu', 'pilih', 'sen', 'bayar', 'sesuai', '', 'isi', 'bbm', 'bayar', 'gopay', 'ovo', 'link', 'mbanking', 'shopi', 'pay', 'tunai', 'spbu', 'barcode', 'tinggal', 'scan', 'spbu', 'tinggal', 'isi']",3.7.3
Ruri Indra Irwansyah,"['gak', 'butuh', 'sebenernya', 'males', 'pake', 'aplikasi', 'jengkel', '', 'bantu', 'log', 'bolak', 'masuk', 'nik', 'pasword', 'trs', 'gak', 'otomatis', 'ngisi', 'kode', 'verifikasi', 'email', 'buka', 'aplikasi', 'email', 'trs', 'pertamina', 'refresh', 'login', 'ganti', 'kode', 'verifikasi', 'sungguh', 'aplikasi', 'konyol', 'bin', 'jengkel']",3.7.3
Bintara Bintang Jangkar Samudra,"['barcode', 'gak', 'buka', 'habis', 'upgrade', 'parah', 'beli', 'bbm', 'pake', 'barkode', 'aplikasi', 'gak', 'buka', 'gak', 'suruh', 'pake', 'barcode', 'ribet', 'pake', 'brcode', 'gak', 'ngantri', 'baget']",3.7.1
dandi pratama,"['aplikasi', 'lambat', 'mintak', 'daftarin', 'kendara', 'pas', 'daftar', 'upload', 'ktp', 'upload', 'foto', 'aplikasi', 'crash', 'hp', 'masalah', 'pake', 'rog', 'baik', 'aplikasi', 'mypertamina', 'suruh', 'daftar', '', 'puas', 'terimakasih']",3.7.3
Salim Jaya,"['daftar', 'dapt', 'barkode', 'scan', 'barkode', 'ilang', 'kecewa', 'isi', 'bbm', 'sgt', 'susah', 'aplikasi', 'sgt', 'efisien', 'daftar', 'ulang', 'telepon', 'nik', 'sampe', 'suruh', 'cek', 'website', 'tlg', 'sulit', 'hidup', 'rakyat']",3.7.3
Note Abduh,"['aplikasi', 'ribet', '', 'efisien', 'verifikasi', 'hasil', 'claim', 'qode', 'qr', 'password', 'nyata', '', 'sesuai', 'sesuai', 'password', 'claim', 'chat', 'customer', 'servis', 'gak', 'sesuai', 'harap', 'kirim', 'email', 'gak', 'balas', 'buka', 'menu', 'subsidi', 'kode', 'aplikasi', 'buka', 'kode', 'blokir', 'akun', 'non', 'aktif', 'aplikasi', 'kode', 'terus', 'mau', 'customer', 'ribet']",3.7.3
"Afrizal, RAh.M","['aplikasi', '', 'fungsi', 'guna', 'discan', 'isi', 'bbm', '', 'notif', 'aplikasi', 'pertamina', 'brpa', 'liter', 'beli', 'baik', 'digitalisasi', 'bikin', 'atur', 'lapang', '', 'guna', 'sekian']",3.7.3
Redian Mardhatillah,"['waktu', 'isi', 'kendara', 'depan', '', 'bayar', 'pakai', 'aplikasi', 'mesin', 'scan', 'masalah', 'jaring', 'mesin', 'rusak', '', 'hasil', 'tunggu', 'menit']",3.7.1
Ibnu Ibnu,"['program', 'subsidi', 'daftar', 'gabisa', 'masukin', 'pilih', 'tipe', 'customer', 'web', 'pilih', 'tipe', 'customer', 'ayo', 'baik', 'coba', 'hari', 'gabisa', 'bisaa', 'aplikasi', 'kalah', 'web']",3.7.3
Tiyo Aldo,"['menu', 'program', 'subsidi', 'gak', 'buka', 'otomatis', 'barcode', 'tera', 'dalam', 'aplikasi', 'gak', 'tampil', 'paaaarrraaaahhhhh']",3.7.1
Mr Marjuki,"['aplikasi', 'munculin', 'spbu', 'nerapin', 'aplikasi', 'isi', 'bbm', 'aplikasi', 'mypertamina', 'edisi', '', 'edisi', 'rusak', 'proses', 'transaksi', 'tugas', 'jarang', 'paham', 'guna', '', 'wenang', 'program', 'guna', 'aplikasi', 'kembangin', 'aplikasi', 'terap', 'spbu', 'massive', 'profesional']",3.7.3
Bang Doi,"['ngisi', 'mypertamina', 'gak', 'nama', 'jalur', 'antri', 'baik', 'lapang', 'instal', 'app', 'ngantri', 'nginstal', 'app', 'suapa', 'cepat', 'jalur', '']",3.7.3
Muhibuddin Budi,"['kurang', '', 'ganti', 'nomor', 'handphone', 'nomor', 'hp', 'aktif', 'hilang', 'harus', 'akun', 'nomor', 'hp', 'point', 'hangus', 'payah', 'wajib', 'mudah', 'bos', 'tentu', 'laanannya', 'sulit', 'langgan', 'ganti', 'nomor', 'hp', 'pertamina', 'hak', 'langgan']",3.7.3
Rofiq Fadli,"['aplikasi', 'sulit', 'daftar', 'subsidi', '', 'kode', 'verifikasi', 'hubung', 'call', 'senter', 'habis', 'pulsa', 'lebi', 'nelpon', '', 'reset', 'email', 'nunggu', '', 'media', 'sosial', '', 'respon', 'email', 'ampun', 'bikin', 'pusing']",3.7.3
Muhammad Fahri,"['', 'sinkron', 'subsidi', 'website', 'daftar', 'website', 'approve', 'pas', 'buka', 'apk', 'plat', 'nomor', 'claim', 'terang', 'password', 'claim', 'salah', 'password', 'tulis', 'liat', 'barcode', 'buka', 'website']",3.7.3
Rojifarm Cileungsi,"['gaperlu', 'daftar', 'subsidi', 'pertamina', 'input', 'data', 'gabisa', 'next', 'simpan', 'bikin', 'password', 'ribet', 'banget', 'minimal', 'karakter', 'angka', 'huruf', 'karakter', 'salah', 'satu', 'gak', 'pakai', 'password', 'tolak', 'tutup', 'akses', 'daftar']",3.6.8
Anita Dewi Budiarto,"['kurang', 'andal', 'pas', 'bayar', 'ganggu', 'bayar', 'link', 'pakai', 'cash', 'beli', 'pertalite', 'hrs', 'pakai', 'link', 'metode', 'bayar', '']",3.7.3
I'm MSH,"['buka', 'aplikasi', 'login', 'habis', 'waktu', 'sampe', 'dimarahin', 'tugas', 'spbu', 'gara', 'gara', 'login', '', '', 'tampil', 'bingung', 'pop', 'up', 'iklan', 'buka', 'hilang', '', 'baik']",3.7.3
indra kurniawan,"['kecewa', 'aplikasi', 'point', 'kumpul', 'thn', 'hangus', 'hilang', 'point', 'ilang', 'thn', 'nol', 'poitnya', '', 'pemberitahuan', 'kait', 'point', 'hangus', '', 'tukar', 'tahun', 'kecewa']",3.7.3
Anti Mainstream,"['aplikasi', 'besut', 'bumn', 'rata', 'payah', 'metode', 'bayar', 'kasih', 'notifikasi', 'push', 'notifications', 'aplikasi', 'sms', 'daftar', 'bikin', 'susah', 'aplikasi', 'beli', 'pertamax', 'metode', 'bayar', 'ovo', 'dana', 'ovo', 'gak', 'tau', 'metode', 'bayar', 'ovo', 'pakai', 'baik', 'sisi', 'mypertamina', 'ovo', 'cash']",3.7.3
Hida Yat,"['daftar', 'balas', 'email', 'coba', 'hubung', 'email', 'pertamina', '', 'beli', 'solar', 'gabisa', 'suruh', 'pake', 'barcode', 'daftar', 'subsidi', 'gabisa', 'gaada', 'jelas', 'terima']",3.7.3
Muhammad Novi Sugiarto,"['bayar', 'pelit', 'poin', 'transaksi', 'poin', '', 'poin', 'mending', 'hilang', 'aplikasi']",3.7.3
Dimas Daffa,"['susah', 'guna', 'beli', 'bensin', 'aplikasi', 'biar', 'poin', 'loyality', 'susah', 'pegawai', 'bilang', 'ga', 'tunjuk', 'poin', '', 'manfaat', 'aplikasi', 'beli', 'pom', 'bensin', 'belah', 'dapatin', 'poin', 'mudah', 'mending', 'yak', 'biar', 'gak', 'sulit', 'coba', 'qr', 'aplikasi', 'biar', 'spbu', 'pertaminanya', 'scan', 'aplikasi']",3.7.3
Bestone Sabestian,"['bikin', 'ribet', 'sulit', 'isi', 'bbm', 'lambat', 'proses', 'isi', 'bbm', 'oleh', 'barcode', 'sulit', 'ampun', 'verifikasi', 'langkah', 'aplikasi', 'ribet', 'susul', 'transaksi', 'isi', 'bbm', 'ribet', 'lanjut', 'rasa', 'lambat', 'proses', 'isi', 'bbm', 'aplikasi', 'mudah', 'server', 'olah', 'aplikasi', 'respon', 'cepat', 'nunggu', 'hari', 'verifikasi', 'data']",3.7.3
Lintang Kemukus,"['aplikasi', 'abal', 'rumit', 'gak', 'pakai', 'error', 'gak', 'daftar', 'subsidi', 'gak', 'ngelink', 'linkaja', 'palu', 'notif', 'deteksi', 'anomali', 'chrome', 'baru']",3.7.3
Haji So'ak,"['daftar', 'cepat', 'kendala', 'akun', 'buruuuukkk', 'salah', 'melulu', 'apk', 'mypertamina', 'apk', 'isi', 'bbm', 'akun', 'daftar', '', 'akun']",3.7.3
Sumanto,"['aplikasi', 'aneh', 'otp', 'email', 'pindah', 'halaman', 'login', 'bener', 'bener', 'sulit', 'daftar', 'ga', 'login', 'isi', 'otp', 'halaman', 'payahh', 'ga', 'mudah', 'guna', 'masyarakat', 'gaptek', 'siapin', 'emang', 'mateng', 'aplikasi', 'ga', 'publish', 'sdmnya', 'emang', 'mikirnya', 'cuan', 'doang', 'gin', 'suruh', 'masyarakat', 'download', 'aplikasi', 'ga', 'maksimal']",3.7.3
Nursanjaya Abdullah,"['aplikasi', 'ribet', 'aju', 'isi', 'data', 'sesuai', 'tunjuk', 'isi', 'data', 'tolak', 'ken', 'keren', 'melek', 'teknologi', 'aplikasi', 'gagal', 'paham', 'trial', 'error', 'susah']",3.7.3
David Heriansyah,"['aplikasi', 'bantu', 'login', 'sulit', 'kode', 'verifikasi', 'aplikasi', 'tolong', '', 'guna', 'aplikasi', 'area', 'spbu', '', 'larang', 'pakai', 'hp', 'area', 'spbu', 'ayo', '', 'bodoh', 'warga', 'indonesia', 'bodoh', 'bodoh']",3.7.3
SUNANDA ADE PUTRA,"['aplikasi', 'gajelas', 'mudah', 'sulit', 'daftar', 'ikut', 'tatacaranya', 'gilir', 'aplikasi', 'hp', 'salah', 'gajelas', 'aplikasi', 'persis', 'hp', 'sesuai', 'daftar']",3.7.3
Asep Setiawan,"['aplikasi', 'jelek', 'banget', '', 'satu', 'wadah', 'daftar', 'buka', 'web', 'pertamina', 'waktu', 'kerja', 'lambat', 'menit', 'ulang', 'coba', 'aplikasi', 'perintah', 'smart', 'kalah', 'app', 'belah']",3.7.3
Nanang Purwo A G W,"['apk', 'jalan', 'mesti', 'kolom', 'ambil', 'barkodnya', 'fungsi', 'suruh', 'input', 'data', 'nik', 'nopol', 'kendara', 'tera', 'nopol', 'nik', '', 'daftar', 'hmmmm', 'bikin', 'rakyat', 'sengsara']",3.7.3
FADLIKAL TM,"['aplikasi', 'evaluasi', 'aplikasi', 'settelment', 'tahun', 'mengumoulkan', 'poin', 'settel', 'ooinnya', 'produk', 'aplikasi', 'toko', 'belah', 'ganti', 'tahun', 'ganti', 'poin', 'mending', 'bayar', 'cash', 'banding', 'link', 'too', 'up', 'fee']",3.7.3
leongs kings,"['kecewa', 'menginstal', 'daftar', 'guna', 'bbm', 'subsidi', 'jenis', 'pertalite', 'guna', 'beli', 'pertalite', 'guna', 'akun', 'mobil', 'tnkb', 'nama', 'beli', 'solar', 'mobil', 'bahan', 'bakar', 'jenis', 'bensin', 'solar', 'nomor', 'mobil', 'beli', 'solar']",3.7.3
Satrio,"['', 'bawa', 'uang', 'cash', 'gantung', 'aplikasi', 'pertamina', 'kecewa', 'selesai', 'isi', 'pertamax', 'bayar', 'pertamina', 'ganggu', 'malu', 'saat', '', 'bawa', 'uang', 'cash', 'kali', 'malu', 'aplikasi', 'bayar', 'alami', 'ganggu', 'ambil', 'uang', 'atm']",3.7.3
Ari Wibowo,"['verifikasi', 'barcode', 'claim', 'gak', 'bsa', 'nik', 'kendara', 'daftar', 'pdhl', 'web', 'barcode']",3.7.3
Margi Danang,"['data', 'langgan', 'data', 'foto', 'kendara', 'nomor', 'rangka', 'mesin', 'verifikasi', 'hariii', 'hubung', 'cs', 'via', 'telfon', 'banyak', 'promosi', 'cs', '', 'relevan', 'biaya', 'telfon', 'mahal', 'menit', 'pulsa', 'habis', 'layan', 'heiiii', 'perintah']",3.7.3
Sulissetiyanto _20,"['kurang', 'puas', 'sistem', 'poin', 'poin', 'bedasarkan', 'sistem', 'banyak', 'roda', 'dapet', 'marchendes', 'roda', 'isi', 'dapet', 'poin']",3.7.3
Jaya Iskandar,"['barcode', 'kuota', 'habis', 'transaksi', 'isi', 'bbm', 'kendara', 'privasi', '', 'barcode', 'nomor', 'kendara']",3.7.3
Sosro Tadi,"['kendala', 'daftar', 'roda', 'ttp', 'solved', 'memng', 'hubung', 'link', 'gak', 'repot', 'tambah', 'bank', 'nemu', 'kendala', 'call', 'center', 'sigap', 'respons']",3.7.3
putra 07,"['jujur', 'instal', 'aplikasi', 'kasih', 'rating', 'sdah', 'isi', 'bbm', 'bio', 'solar', 'bm', 'kendara', 'sdah', 'rugi', 'isi', 'bbm', 'lgi', 'ngasal', 'input', 'plat', 'bm', 'orng', 'aplikasi']",3.7.3
Chevy Hot,"['aplikasy', 'mypertamina', 'didownload', 'memdafar', 'aneh', 'fan', 'beda', 'mypertamina', 'asli', 'aplikasi', 'mypertmina', 'abal', 'abal', 'nyedot', 'data', 'daftar', 'pertamina', 'harusn', 'aplikasi', 'asli', 'abal', 'abal']",3.7.3
Darta Dpi,"['aplikasi', 'stabil', 'loading', 'input', 'data', 'pakai', 'wifi', 'data', 'lambat', 'blank', 'page']",3.7.3
Alif Syuhada,"['apk', 'tingkat', 'nasional', 'kaya', 'gin', 'daftar', 'apk', 'bagus', 'bikin', 'kerja', 'buang', 'buang', 'waktu', 'buang', 'buang', 'waktu', 'apk', 'pakai', 'emang', 'setan']",3.7.3
Korvel Studio,"['bug', 'relog', 'terus', 'gestur', 'sandi', 'force', 'close', 'lambat', 'muat', 'verifikasi']",3.7.3
Afifah Nadya Aini,"['baik', 'aplikasi', 'bayar', 'dipilihakan', 'option', 'mudah', 'guna', 'kuat', 'optimal', 'aplikasi', 'masyarakat']",3.7.3
M Habiib,"['aplikasi', 'gak', 'kali', 'ubah', 'password', 'gabisa', 'login', 'login', 'error', 'bingung', 'maksutnya']",3.7.3
Muh Tibri,"['guna', 'aplikasi', 'pertamina', 'guna', 'kendala', 'repot', 'salah', 'satu', 'kurang', 'sigap', 'operator', 'spbu', 'isi', 'alat', 'barcode', 'makan', 'waktu', 'ketimbang', 'bayar', 'cash', 'mohon', 'depa', 'tingkat', 'kesiap', 'operator', 'costumer', 'beli', 'mypertamina']",3.7.3
QYQYMARZ channel,"['aplikasi', 'bantu', 'banget', 'sakit', 'darah', 'tinggi', 'biar', 'cepet', 'mati', 'bikin', 'app', 'tpi', 'engganya', 'bikin', 'bener', 'rugi', 'banget', 'karna', 'mendownload', 'pake', 'kouta', 'tpi', 'gin', 'aplikasi']",3.7.3
CHANNEL SAMPAH,"['aplikasi', 'payah', 'ga', 'mudah', 'sulit', 'daftar', 'subsidi', 'daftar', 'data', 'sndiri', 'ribet', 'cerdas', 'buka', 'cerdas']",3.7.3
Sopo Phoncel,"['aplikasi', 'gagal', 'gak', 'tau', 'ngebug', 'bolak', 'ga', 'sadar', 'bayar', 'pajak', 'bayar', 'bikin', 'aplikasi', 'gagal', 'aplikasi', 'milik', 'negara', 'kelas', 'milik', 'negara', 'kualitas', 'kurang', 'muas']",3.7.3
Andy Liumena,"['aplikasi', 'far', 'gagal', 'muat', 'menu', 'poin', 'celaka', 'sdm', 'lapang', 'geblek', 'pilih', 'bayar', 'terima', 'bayar', 'link', 'kendara', 'roda', 'mesti', 'ganti', 'telkomsel', 'nontunai', 'pakai', 'mypertamina']",3.7.3
Novian 1811,"['mao', 'login', 'susah', 'buka', 'email', 'pas', 'buka', 'email', 'tab', 'login', 'ulang', 'pas', 'login', 'pake', 'tab', 'upload', 'foto', 'cari', 'foto', 'galeri', 'pas', 'ngulang', 'login', 'buang', 'waktu', 'bom', 'gak', 'maksain', 'pake', 'apk', 'apk', 'prettttttt']",3.7.3
Pt. Nwp,"['daftar', 'subsidi', 'sulit', 'batas', 'upload', 'file', 'batas', 'tolong', 'resolusi', 'kamera', 'turunin', 'resolusi', 'gambar', 'burik', '', 'baca', 'alhasil', 'daftar', 'gagal']",3.7.3
Ismail Haroen,"['', 'rakyat', 'kendara', 'roda', 'sepeda', 'motor', 'ojek', 'online', 'cari', 'nafkah', 'ojol', 'kendara', 'roda', 'subsidi', 'sasar', 'terap', 'sesuai', 'harap', 'sempurna', 'hemat', 'bbm', 'daftar', 'kendara', 'roda', 'batas', 'limit', 'beli', 'kendara', 'hari', 'maximum', 'liter', 'bbm', 'subsidi', '', 'disalahgunakan', 'jual']",3.7.3
nur yatna,"['knpa', 'aplikasi', 'henti', 'ganggu', 'server', '', 'baik', 'mas', 'kendala', 'sperti', 'biar', 'langgan', 'puas', 'bagi', 'cashback', 'ko', 'gak', 'pertamax', 'susah', 'daftar', 'subsiditepat', '', 'tahap']",3.7.3
komang astita,"['daftar', 'email', 'password', 'karakter', 'huruf', 'via', 'pc', 'pas', 'login', 'pakai', 'aplikasi', 'muncul', 'tlp', 'ga', 'singkron', 'website', 'aplikasi']",3.7.3
Bocil Indo,"['pakai', 'aplikasi', 'keren', 'doang', 'fungsi', 'nol', 'gak', 'guna', 'aplikasi', 'beranta', 'publikasi', 'aplikasi', 'kurang', 'sempurna', 'rakyat', 'guna', 'gaptek']",3.7.3
Lims ID,"['app', 'isi', 'bbm', 'marketplace', 'ikut', 'marketplace', 'pop', 'up', 'iklan', 'beda', 'topik', 'tau', 'simple', 'orng', 'isi', 'bbm', 'ken', 'cepat', 'gak', 'mongkrong', 'spbu', 'fungsi', 'utama', 'minyak', 'minyak', 'minyak']",3.7.3
Tranz Adhy,"['ribet', 'isi', 'solar', 'skrng', 'suruh', 'dftar', 'pertamina', 'oke', 'daftar', 'akun', 'gilir', 'waktu', 'verifikasi', 'login', 'kode', 'krim', 'email', '', 'valid', 'ngetik', 'bener', 'tetep', 'gak', 'sampek', 'gua', 'kode', 'verifikasi', 'smpek', 'kode', 'tetep', 'gak', 'akun', 'gua', 'non', 'aktif', 'hari', 'toooo', 'riii', 'untung', 'enek', 'toleran', 'ngisi', 'solar', 'gak', 'gak', 'iso', 'jalan', 'mobil']",3.7.3
Pramsedany 5656,"['aplikasi', 'sulit', 'hidup', 'beli', 'solar', 'traktor', 'aplikasi', 'eror', 'kadang', 'bikin', 'aplikasi', 'dibenerin', 'sistem', 'lapang']",3.7.3
Dika Tak Bermain - Main,"['aplikasi', 'ga', 'mikir', 'udh', 'daftar', 'barcode', 'hp', 'ilang', 'login', 'lgi', 'susah', 'kode', 'perivikasi', 'kirim', 'hp', 'hilang']",3.7.3
vicky fristyan,"['aplikasi', 'sebenernya', 'bagus', 'bantu', 'masalah', 'bayar', 'ganggu', 'nunggu', 'karyawan', 'spbu', '', 'paham', 'metode', 'bayar', 'aplikasi', 'pertamina', 'parah', 'bilang', '', 'bayar', 'aplikasi', 'pertamina']",3.7.0
Syafrullah,"['aplikasi', '', 'alas', 'lapang', 'ganggu', 'masak', 'kalah', 'bigo', 'tiktok', 'aplikasi', 'negara', 'gin', 'ganggu', 'palembang']",3.7.3
Putu Suarta,"['ngelag', 'aplikasi', 'daftar', 'loading', '', 'simpan', 'data', 'diinput', 'kacau', 'banget', 'app', 'mudah']",3.7.1
Setyawan Valenzia,"['isi', 'cek', 'data', 'tolak', 'waktu', 'beli', 'bbm', 'plat', 'nomer', 'samsat', 'data', 'pertalite', 'mobil', 'phanter', 'bbm', 'bio', 'solar', 'data', 'pertalite', 'aplikasi', 'bingung', 'guna', 'pegawai', 'jga', 'sorry', 'kasih', 'bintang', 'bintang', 'baik']",3.7.3
Haryo Yoga,"['aplikasi', 'mas', 'bug', 'ngga', 'sambung', 'aplikasi', 'bayar', 'link', 'total', 'beli', '', 'muncul', 'kendara', 'cantum']",3.7.3
Nilawati Mei,"['susah', 'menu', 'bingung', 'daftar', 'verifikasi', 'gak', 'tampil', 'qrnya', 'gak', 'pakai', 'diwebsite', 'sia', 'sia', 'download', 'appnya', 'cuman', 'pajang']",3.7.1
Rahmat Berlian,"['aplikasi', 'gagal', '', 'hubung', 'bayar', 'link', 'muncul', 'salah', 'aplikasi', 'silah', 'coba', 'ikut', 'arah', 'cs', 'pertamina', 'kendala', '', 'selesai', 'developer', 'aplikasi', 'gagal', 'rilis', 'bikin', 'emosi']",3.7.1
Miftah Khurrohmat,"['aplikasi', 'kk', 'dapetin', 'barkot', 'dapet', 'barkot', 'cek', 'vocer', 'seharsnya', 'dh', 'daftar', 'cek', 'vocer', 'cek', 'riwayat', 'isi', 'spbu', 'aplikasi', 'model', 'gin', 'plat', 'barkot', 'daftar', 'ribet', 'aplikasi', 'fungsi']",3.7.3
Siwi Pamungkas,"['ribet', '', 'bantu', 'kode', 'otp', 'ngga', 'ganti', 'nomor', 'ttep', 'gak', 'kode', 'otp', 'apk', 'gak', '', 'bantu', 'susah', 'hapus', 'apk', 'ngga']",3.7.3
Is Hardi,"['aplikasi', 'rugi', 'isi', 'bbm', 'mypertamina', 'saldo', 'potong', 'otomatis', 'bukti', 'transaksi', 'bbm', '', 'transaksi', 'bayar', 'pakai', 'tunai', 'bayar', '', 'baik', 'aplikasi']",3.7.3
Ika Sari,"['aplikasi', 'kurang', 'pada', 'isi', 'data', 'slah', 'hubung', 'call', 'center', 'call', 'email', 'kasih', 'solusi', 'salah', 'data', 'updte', 'ulang', 'data', 'salah']",3.7.3
Teguh Supurbo,"['ulas', 'ulas', 'guna', 'upload', 'struk', 'take', 'picture', 'ambil', 'photo', 'galeri', '', 'cerah', 'guna', 'app', 'mypertamina', 'kesan', 'ksini', 'kesana']",3.7.1
david suryadarma,"['aplikasi', 'buruk', 'kelas', 'bumn', 'tombol', '', 'home', 'login', 'ulang', 'bayang', 'isi', 'data', 'home', 'gak', 'tensi', 'upload', 'stnk', 'ulang', 'ulang', 'data', 'tolak', 'alas', 'stnk', '', 'baca', 'alas', 'bodoh', 'batas', 'besar', 'data', 'baca', 'ambil', 'foto', 'kamera', 'upload', 'file', 'besar', 'bodoh']",3.7.3
sander xarim,"['bagus', 'daftar', 'gampang', 'tau', 'daftar', 'aplikasi', 'kadang', 'masalah', 'alternatif', 'diweb', 'subsidi', 'terkadang', 'hp', '', 'support', 'aplikasi', 'edit', 'data', 'bagus', 'aplikasi', 'diweb', 'bug', 'web', 'daftar', 'centang', 'pilih', 'daftar', 'isi', 'data', 'daftar', 'ukur', 'foto', '', 'kompres', 'kode', 'verifikasi', 'kirim', 'email']",3.7.3
Didi Be,"['scan', 'qr', 'scan', 'ulang', 'scan', 'ulang', '', 'tingkat', 'harus', 'cepat', 'hambat', 'kesal']",3.7.3
ToarCh Pantow,"['kasih', 'bintang', 'isi', 'bbm', 'scan', 'barcode', 'duhulu', 'apk', 'bayar', 'isi', 'bbm', 'bbm', 'isi', 'scan', 'barcode', 'bayar', 'jadi', '', 'enak', 'apk', '', 'bayar', 'bbm', 'tengki', 'mobil', '', 'uang', 'cash', 'alhasil', 'malu', 'untung', 'tugas', 'spbu', 'isi', 'bbm', 'mengijinkan', 'bayar', 'cash']",3.7.3
H Nuril Anwar,"['', 'batas', 'upload', 'file', 'gambar', 'kasih', 'panjang', 'max', 'pixel', 'lebar', 'max', 'pixel', 'ukur', 'max', 'susah', 'resize', 'gin', 'resize', 'segitu', 'aplikasi', 'buat', 'negara', 'serius', 'aplikasi', 'bca', 'bagus']",3.7.3
THOLAY Gaming,"['bikin', 'aplikasi', 'bilang', 'gua', 'bikin', 'aplikasi', 'kaya', 'gin', 'lot', 'dasar', 'indo', 'kasi', 'rakyat', 'sulit', 'beli', 'bbm', 'harga', 'bbm', 'sulit', 'pake', 'aplikasi', 'becus', 'bikin']",3.7.3
Kusyatiningsih Kusyatiningsih,"['kecewa', 'loading', 'baru', 'data', '', 'baik', 'applikasi', 'butuh', 'masyarakat']",3.7.3
hasyim elhumran,"['daftar', 'plat', 'mobil', 'solar', 'plat', 'gak', 'daftar', 'ubah', 'pertalite', 'atur', 'rumit', 'mudah', 'susah', 'rakyat', 'daftar', 'gagal', 'data', 'mobil', 'bener', 'gagal']",3.7.3
Yusrizal Siregar,"['apa', 'metode', 'bayar', 'pilih', 'aktif', 'linkaja', 'sulit', 'linkaja', 'blokir', 'lupa', 'password', 'aktif', 'sulit']",3.7.3
Moh Fausul,"['aplikasi', 'manfaat', 'ribet', 'launching', 'sign', 'verifikasi', 'kode', 'email', 'aplikasi', 'pakai', 'beli', 'bbm', 'data', 'beli', 'bbm', 'aplikasi', 'liter', 'manfaat', 'aplikasi', 'aplikasi', 'isi', 'pegawai', 'spbu']",3.7.3
Tuwari SE,"['bln', 'lalau', 'beli', 'mobil', 'daftar', 'pertmamina', 'subsidi', 'mobil', 'nama', 'daftar', 'bekum', 'konfirmasi', 'daftar', 'mobil', 'ktp', 'plat', 'nomor', 'ganti', 'blum', 'buka', 'qrcode', 'muncul', 'nopol']",3.7.3
